Server ID,Sponsor,Server Name,Timestamp,Distance,Ping,Download,Upload,Share,IP Address
13506,TAIFO Taiwan,Taipei,2025-04-05T23:01:02.613847Z,10.348015552600941,16.605,90557752.42565073,93416808.46647343,,61.63.210.175
59180,Starverse Network,Taipei City,2025-04-06T00:01:02.480189Z,11.006899950030189,15.977,90536805.51722203,94121899.7275533,,61.63.210.175
61136,"Pittqiao Network Information Co.,Ltd.",Taipei,2025-04-06T01:01:02.485626Z,11.006899950030189,15.389,89964586.01479828,92602677.79701266,,61.63.210.175
18445,Chunghwa Mobile,Taipei,2025-04-06T02:01:03.092276Z,11.006899950030189,18.632,91634937.11889926,94147928.9161723,,61.63.210.175
61136,"Pittqiao Network Information Co.,Ltd.",Taipei,2025-04-06T03:01:02.622688Z,11.006899950030189,15.644,90228611.19310468,91608704.95105644,,61.63.210.175
18450,Chunghwa Mobile,Hsinchu,2025-04-06T04:01:02.899565Z,62.48879530708989,14.988,91829786.94000828,94664690.51261884,,61.63.210.175
17186,FarEasTone Telecom,Zhongli,2025-04-06T05:01:03.050697Z,38.47376275985003,14.564,90051466.5499646,93666914.69753817,,61.63.210.175
42192,Yuan-Jhen Info,New Taipei,2025-04-06T06:01:02.675638Z,15.847189388214197,15.862,90267284.77863538,93996735.28414991,,61.63.210.175
36071,"Sky Digital Co., Ltd",Taipei,2025-04-06T07:01:02.778294Z,11.006899950030189,18.454,90494655.93264621,94498972.8525646,,61.63.210.175
61136,"Pittqiao Network Information Co.,Ltd.",Taipei,2025-04-06T08:01:02.317015Z,11.006899950030189,14.765,9858741.244566763,0.0,,61.63.210.175
38330,Taiwan Mobile,Da'an District,2025-04-06T09:01:02.645464Z,9.70768513168519,15.985,91268929.05596645,93422924.79654199,,61.63.210.175
44603,Taiwan Digital Streaming Co.,Taipei,2025-04-06T10:01:02.447044Z,11.006899950030189,17.344,90734115.67605661,94908230.95384309,,61.63.210.175
35066,DFT,Taipei,2025-04-06T11:01:02.869835Z,11.006899950030189,16.806,84468846.2987425,94840348.68268205,,61.63.210.175
7429,Taipeinet,Taipei,2025-04-06T12:01:02.605659Z,11.006899950030189,18.352,91746507.36856928,94159278.55364078,,61.63.210.175
24460,Homeplus,New Taipei,2025-04-06T13:01:02.439338Z,15.847189388214197,16.566,90033102.27418472,94213426.36422469,,61.63.210.175
35066,DFT,Taipei,2025-04-06T14:01:02.748034Z,11.006899950030189,16.665,82458975.05413365,93975770.44396988,,61.63.210.175
24460,Homeplus,New Taipei,2025-04-06T15:01:02.414505Z,15.847189388214197,19.712,84817524.60230672,87488087.49758571,,61.63.210.175
38330,Taiwan Mobile,Da'an District,2025-04-06T16:01:02.837541Z,9.70768513168519,17.32,90673523.56319767,94399504.86924565,,61.63.210.175
18445,Chunghwa Mobile,Taipei,2025-04-06T17:01:02.370775Z,11.006899950030189,16.88,92220228.01067781,96088177.33674689,,61.63.210.175
18445,Chunghwa Mobile,Taipei,2025-04-06T18:01:03.639085Z,11.006899950030189,22.692,92108980.81070472,94715495.10738528,,61.63.210.175
24460,Homeplus,New Taipei,2025-04-06T19:01:03.024533Z,15.847189388214197,20.902,85192137.17222355,82383278.21034186,,61.63.210.175
44603,Taiwan Digital Streaming Co.,Taipei,2025-04-06T20:01:02.671223Z,11.006899950030189,17.858,4861873.969702503,0.0,,61.63.210.175
18445,Chunghwa Mobile,Taipei,2025-04-06T21:01:02.236406Z,11.006899950030189,16.698,91231381.95712301,95688492.28992441,,61.63.210.175
56277,Taiwan Mobile,Miaoli City,2025-04-06T22:01:03.389117Z,88.29969881742376,18.206,90168879.22847125,94214603.64973871,,61.63.210.175
12583,TFN Media,New Taipei,2025-04-06T23:01:02.261403Z,15.847189388214197,16.263,90733937.18863176,92504742.85275492,,61.63.210.175
18452,Chunghwa Mobile,Taoyuan,2025-04-07T00:01:02.579347Z,39.23872553506463,16.531,90893108.47251813,95127266.58941053,,61.63.210.175
35066,DFT,Taipei,2025-04-07T01:01:02.393098Z,11.006899950030189,16.551,86796799.21162468,93815544.12201665,,61.63.210.175
11703,Taiwan Mobile,Taipei,2025-04-07T02:01:03.110465Z,11.006899950030189,15.184,90751638.29549864,94819134.64453554,,61.63.210.175
35066,DFT,Taipei,2025-04-07T03:01:02.735077Z,11.006899950030189,15.218,90516853.80837987,93741557.00472355,,61.63.210.175
36071,"Sky Digital Co., Ltd",Taipei,2025-04-07T04:01:02.733095Z,11.006899950030189,18.742,87087351.23296818,94764444.87458469,,61.63.210.175
36071,"Sky Digital Co., Ltd",Taipei,2025-04-07T05:01:02.726715Z,11.006899950030189,19.79,91386518.6497778,94781189.62165536,,61.63.210.175
36071,"Sky Digital Co., Ltd",Taipei,2025-04-07T06:01:02.702541Z,11.006899950030189,18.489,91103300.42574272,94577646.28922886,,61.63.210.175
7429,Taipeinet,Taipei,2025-04-07T07:01:02.267965Z,11.006899950030189,15.847,90317926.81835367,94649709.61707501,,61.63.210.175
7429,Taipeinet,Taipei,2025-04-07T08:01:02.678762Z,11.006899950030189,18.141,12308223.10385101,0.0,,61.63.210.175
36071,"Sky Digital Co., Ltd",Taipei,2025-04-07T09:01:02.950090Z,11.006899950030189,25.729,91430225.08625288,94108309.54813223,,61.63.210.175
18445,Chunghwa Mobile,Taipei,2025-04-07T10:01:02.633847Z,11.006899950030189,16.467,90932160.16855268,95753596.70448624,,61.63.210.175
5334,"Taiwan Star Telecom Co., Ltd.",Taipei,2025-04-07T11:01:02.331388Z,15.847189388214197,18.46,90400843.36955059,92061755.91989785,,61.63.210.175
5334,"Taiwan Star Telecom Co., Ltd.",Taipei,2025-04-07T12:01:02.988705Z,15.847189388214197,18.424,90355273.95238319,94637446.41367806,,61.63.210.175
42192,Yuan-Jhen Info,New Taipei,2025-04-07T13:01:02.818343Z,15.847189388214197,17.059,91602106.76384895,92191021.04853098,,61.63.210.175
38330,Taiwan Mobile,Da'an District,2025-04-07T14:01:02.783235Z,9.70768513168519,14.901,92420310.47691725,94725243.58992621,,61.63.210.175
5334,"Taiwan Star Telecom Co., Ltd.",Taipei,2025-04-07T15:01:02.994999Z,15.847189388214197,16.313,90875513.13416219,93604893.27899486,,61.63.210.175
29107,Asia Pacific Telecom,Taoyuan,2025-04-07T16:01:02.659617Z,39.23872553506463,13.29,92811980.87852912,94250468.34232153,,61.63.210.175
11702,Taiwan Mobile,Taoyuan,2025-04-07T17:01:02.166050Z,39.23872553506463,15.649,91519375.52748752,95072846.69663787,,61.63.210.175
18447,Chunghwa Mobile,New Taipei,2025-04-07T18:01:02.771710Z,15.847189388214197,16.402,92499832.37340383,95076397.38935132,,61.63.210.175
29107,Asia Pacific Telecom,Taoyuan,2025-04-07T19:01:02.514774Z,39.23872553506463,16.11,91780186.39218806,94360620.0518358,,61.63.210.175
29107,Asia Pacific Telecom,Taoyuan,2025-04-07T20:01:03.129764Z,39.23872553506463,16.389,90943615.25991324,95265080.67744164,,61.63.210.175
42192,Yuan-Jhen Info,New Taipei,2025-04-07T21:01:03.055382Z,15.847189388214197,17.613,90405728.3405774,94758922.94257897,,61.63.210.175
11702,Taiwan Mobile,Taoyuan,2025-04-07T22:01:03.131248Z,39.23872553506463,15.71,90917605.23339786,94364077.58429506,,61.63.210.175
24460,Homeplus,New Taipei,2025-04-07T23:01:02.462670Z,15.847189388214197,17.484,88812047.35055844,94822753.82385245,,61.63.210.175
11702,Taiwan Mobile,Taoyuan,2025-04-08T00:01:02.203312Z,39.23872553506463,14.515,90526304.19523038,94806362.51448548,,61.63.210.175
18450,Chunghwa Mobile,Hsinchu,2025-04-08T01:01:02.631733Z,62.48879530708989,15.534,89449911.33489929,95059939.98007315,,61.63.210.175
18450,Chunghwa Mobile,Hsinchu,2025-04-08T02:01:02.597155Z,62.48879530708989,13.574,91633434.44815877,93644102.14503424,,61.63.210.175
18450,Chunghwa Mobile,Hsinchu,2025-04-08T03:01:02.545780Z,62.48879530708989,16.14,91066645.50558247,95021267.96738124,,61.63.210.175
44603,Taiwan Digital Streaming Co.,Taipei,2025-04-08T04:01:03.171776Z,11.006899950030189,16.599,89312004.50937453,95023256.30666983,,61.63.210.175
38330,Taiwan Mobile,Da'an District,2025-04-08T05:01:02.510561Z,9.70768513168519,14.118,89055660.48936825,94685053.73391235,,61.63.210.175
7429,Taipeinet,Taipei,2025-04-08T06:01:03.039510Z,11.006899950030189,22.898,90327965.87603042,94143457.16652998,,61.63.210.175
11705,Taiwan Mobile,Hsinchu,2025-04-08T07:01:02.539287Z,62.48879530708989,29.401,90586378.55476007,94337445.8868766,,61.63.210.175
11702,Taiwan Mobile,Taoyuan,2025-04-08T08:01:02.941640Z,39.23872553506463,16.211,6384329.212989574,0.0,,61.63.210.175
11705,Taiwan Mobile,Hsinchu,2025-04-08T09:01:02.128419Z,62.48879530708989,15.475,90480893.32670532,94159405.13828328,,61.63.210.175
29107,Asia Pacific Telecom,Taoyuan,2025-04-08T10:01:02.794741Z,39.23872553506463,13.447,88393759.31005941,94601565.96734515,,61.63.210.175
38330,Taiwan Mobile,Da'an District,2025-04-08T11:01:03.034642Z,9.70768513168519,14.597,90987900.87094857,94676906.57864721,,61.63.210.175
12583,TFN Media,New Taipei,2025-04-08T12:01:02.987857Z,15.847189388214197,14.733,90421091.07243568,94278849.15267105,,61.63.210.175
5334,"Taiwan Star Telecom Co., Ltd.",Taipei,2025-04-08T13:01:02.850305Z,15.847189388214197,17.091,91961431.90944952,94608323.53785728,,61.63.210.175
5334,"Taiwan Star Telecom Co., Ltd.",Taipei,2025-04-08T14:01:02.281803Z,15.847189388214197,15.604,91190397.82832314,93826242.70658255,,61.63.210.175
5334,"Taiwan Star Telecom Co., Ltd.",Taipei,2025-04-08T15:01:02.302777Z,15.847189388214197,16.159,91816787.8957673,94810579.5221007,,61.63.210.175
12583,TFN Media,New Taipei,2025-04-08T16:01:02.698757Z,15.847189388214197,16.254,91552473.95682523,94326891.52974685,,61.63.210.175
44603,Taiwan Digital Streaming Co.,Taipei,2025-04-08T17:01:02.094097Z,11.006899950030189,16.458,91487987.63650347,93054515.34105438,,61.63.210.175
44603,Taiwan Digital Streaming Co.,Taipei,2025-04-08T18:01:02.481190Z,11.006899950030189,14.855,92322196.49935904,95075928.32797141,,61.63.210.175
18447,Chunghwa Mobile,New Taipei,2025-04-08T19:01:02.414783Z,15.847189388214197,14.825,93237758.06644423,94800454.22424607,,61.63.210.175
18447,Chunghwa Mobile,New Taipei,2025-04-08T20:01:02.973465Z,15.847189388214197,15.808,4333864.094279734,0.0,,61.63.210.175
12583,TFN Media,New Taipei,2025-04-08T21:01:02.367070Z,15.847189388214197,14.542,91329241.90688051,94549195.83609794,,61.63.210.175
18447,Chunghwa Mobile,New Taipei,2025-04-08T22:01:02.964151Z,15.847189388214197,14.076,89919812.2354887,94083073.65301606,,61.63.210.175
18452,Chunghwa Mobile,Taoyuan,2025-04-08T23:01:02.690606Z,39.23872553506463,16.45,92904135.10967888,95157025.37219061,,61.63.210.175
18452,Chunghwa Mobile,Taoyuan,2025-04-09T00:01:02.729893Z,39.23872553506463,16.702,91835918.99306007,95262614.12214726,,61.63.210.175
27752,Asia Pacific Telecom,Nantou,2025-04-09T01:01:02.151291Z,125.9936756253599,16.326,90710825.5502221,94444507.2995575,,61.63.210.175
59180,Starverse Network,Taipei City,2025-04-09T02:01:02.650544Z,11.006899950030189,16.677,91347748.91291268,94884853.83820453,,61.63.210.175
18445,Chunghwa Mobile,Taipei,2025-04-09T03:01:02.733355Z,11.006899950030189,16.358,91816588.99376902,94908067.1325572,,61.63.210.175
18445,Chunghwa Mobile,Taipei,2025-04-09T04:01:02.580981Z,11.006899950030189,17.262,91988131.303783,94696107.01605025,,61.63.210.175
17186,FarEasTone Telecom,Zhongli,2025-04-09T05:01:02.203131Z,38.47376275985003,16.447,77842432.07702199,93681634.44432904,,61.63.210.175
18447,Chunghwa Mobile,New Taipei,2025-04-09T06:01:03.179402Z,15.847189388214197,16.629,91467090.99826694,95406665.87103042,,61.63.210.175
59180,Starverse Network,Taipei City,2025-04-09T07:01:02.555432Z,11.006899950030189,17.811,86231929.27141036,94711735.0410222,,61.63.210.175
7429,Taipeinet,Taipei,2025-04-09T08:01:03.206396Z,11.006899950030189,20.631,90382545.37765378,94149843.69588868,,61.63.210.175
36071,"Sky Digital Co., Ltd",Taipei,2025-04-09T09:01:02.215684Z,11.006899950030189,20.304,91209793.75695497,93985973.66027962,,61.63.210.175
18445,Chunghwa Mobile,Taipei,2025-04-09T10:01:03.289942Z,11.006899950030189,18.382,88067093.39125186,95306279.80075227,,61.63.210.175
7429,Taipeinet,Taipei,2025-04-09T11:01:02.413330Z,11.006899950030189,14.974,89564892.31320797,94779681.35644919,,61.63.210.175
11703,Taiwan Mobile,Taipei,2025-04-09T12:01:02.566799Z,11.006899950030189,13.307,82934819.33279057,94575167.32088508,,61.63.210.175
59180,Starverse Network,Taipei City,2025-04-09T13:01:02.410657Z,11.006899950030189,18.259,90761044.867766,94783683.40434426,,61.63.210.175
18445,Chunghwa Mobile,Taipei,2025-04-09T14:01:04.810809Z,11.006899950030189,14.102,91834366.16254014,94791180.0554179,,61.63.210.175
12583,TFN Media,New Taipei,2025-04-09T15:01:02.779123Z,15.847189388214197,16.414,91093876.32320632,94459504.08663587,,61.63.210.175
12583,TFN Media,New Taipei,2025-04-09T16:01:02.235160Z,15.847189388214197,16.699,91156582.4867394,93815400.06733647,,61.63.210.175
12583,TFN Media,New Taipei,2025-04-09T17:01:02.103727Z,15.847189388214197,16.504,90551860.58874011,94261428.99287738,,61.63.210.175
18445,Chunghwa Mobile,Taipei,2025-04-09T18:01:02.586815Z,11.006899950030189,16.225,91094169.60819171,95020020.02921936,,61.63.210.175
18445,Chunghwa Mobile,Taipei,2025-04-09T19:01:02.818568Z,11.006899950030189,15.655,90274606.02749148,95125743.47558428,,61.63.210.175
18445,Chunghwa Mobile,Taipei,2025-04-09T20:01:02.582306Z,11.006899950030189,16.017,9502383.823158523,0.0,,61.63.210.175
11703,Taiwan Mobile,Taipei,2025-04-09T21:01:02.889819Z,11.006899950030189,16.336,90491950.26888327,94773341.4858077,,61.63.210.175
61136,"Pittqiao Network Information Co.,Ltd.",Taipei,2025-04-09T22:01:03.027931Z,11.006899950030189,15.748,89856228.02390847,93943167.2872371,,61.63.210.175
5334,"Taiwan Star Telecom Co., Ltd.",Taipei,2025-04-09T23:01:03.377338Z,15.847189388214197,15.198,91173311.04124826,93903023.89139038,,61.63.210.175
44603,Taiwan Digital Streaming Co.,Taipei,2025-04-10T00:01:02.289768Z,11.006899950030189,16.643,90867281.67911665,94281458.24388123,,61.63.210.175
44603,Taiwan Digital Streaming Co.,Taipei,2025-04-10T01:01:02.428242Z,11.006899950030189,17.909,90407631.1862365,94418702.89231339,,61.63.210.175
5334,"Taiwan Star Telecom Co., Ltd.",Taipei,2025-04-10T02:01:03.485065Z,15.847189388214197,19.312,90497260.54270239,94362447.68190001,,61.63.210.175
18447,Chunghwa Mobile,New Taipei,2025-04-10T03:01:03.456742Z,15.847189388214197,17.601,91574363.75786231,95845655.87260029,,61.63.210.175
18447,Chunghwa Mobile,New Taipei,2025-04-10T04:01:02.771768Z,15.847189388214197,16.26,92381583.18505158,95115292.14614695,,61.63.210.175
35066,DFT,Taipei,2025-04-10T05:01:02.620156Z,11.006899950030189,15.96,87928948.42403995,94964931.68457922,,61.63.210.175
24460,Homeplus,New Taipei,2025-04-10T06:01:02.482616Z,15.847189388214197,18.212,88487176.97729273,94664281.10168214,,61.63.210.175
7429,Taipeinet,Taipei,2025-04-10T07:01:02.683998Z,11.006899950030189,18.237,90862972.3194696,94546395.53532238,,61.63.210.175
7429,Taipeinet,Taipei,2025-04-10T08:01:02.489187Z,11.006899950030189,16.598,14183398.431528255,0.0,,61.63.210.175
35066,DFT,Taipei,2025-04-10T09:01:02.559685Z,11.006899950030189,15.702,91125653.7679151,94736198.93236616,,61.63.210.175
59180,Starverse Network,Taipei City,2025-04-10T10:01:02.988563Z,11.006899950030189,17.578,88665909.83049047,93771292.42227331,,61.63.210.175
59180,Starverse Network,Taipei City,2025-04-10T11:01:04.071761Z,11.006899950030189,14.263,90877194.63776474,92874466.89423493,,61.63.210.175
36071,"Sky Digital Co., Ltd",Taipei,2025-04-10T12:01:03.227833Z,11.006899950030189,21.424,90805872.49677634,94697357.61629204,,61.63.210.175
35066,DFT,Taipei,2025-04-10T13:01:02.612118Z,11.006899950030189,14.172,91218416.71213616,94343385.31872925,,61.63.210.175
5334,"Taiwan Star Telecom Co., Ltd.",Taipei,2025-04-10T14:01:02.413218Z,15.847189388214197,17.262,92251392.42107962,92442303.18093841,,61.63.210.175
7429,Taipeinet,Taipei,2025-04-10T15:01:02.207451Z,11.006899950030189,14.957,91670229.86038476,94445568.98515102,,61.63.210.175
18445,Chunghwa Mobile,Taipei,2025-04-10T16:01:02.214825Z,11.006899950030189,15.999,91848337.26255439,94932973.10853362,,61.63.210.175
7429,Taipeinet,Taipei,2025-04-10T17:01:02.945682Z,11.006899950030189,14.099,90724302.08323961,93582881.40553507,,61.63.210.175
59180,Starverse Network,Taipei City,2025-04-10T18:01:02.701754Z,11.006899950030189,32.522,90765658.08059333,94837942.2137679,,61.63.210.175
29107,Asia Pacific Telecom,Taoyuan,2025-04-10T19:01:02.802654Z,39.23872553506463,15.098,89628435.12311503,93883825.17150536,,61.63.210.175
29107,Asia Pacific Telecom,Taoyuan,2025-04-10T20:01:02.878282Z,39.23872553506463,17.338,6438559.649645755,0.0,,61.63.210.175
18447,Chunghwa Mobile,New Taipei,2025-04-10T21:01:02.449773Z,15.847189388214197,15.193,90917070.35229217,94667703.40128615,,61.63.210.175
13506,TAIFO Taiwan,Taipei,2025-04-10T22:01:02.695537Z,10.348015552600941,18.083,90734851.10469739,94428463.57952636,,61.63.210.175
35066,DFT,Taipei,2025-04-10T23:01:02.824257Z,11.006899950030189,12.604,88853064.80052294,94190567.91003056,,61.63.210.175
38330,Taiwan Mobile,Da'an District,2025-04-11T00:01:03.011211Z,9.70768513168519,13.27,91347869.36334078,94102464.59649326,,61.63.210.175
38330,Taiwan Mobile,Da'an District,2025-04-11T01:01:02.611253Z,9.70768513168519,15.853,90317642.02062033,94167171.7053536,,61.63.210.175
38330,Taiwan Mobile,Da'an District,2025-04-11T02:01:02.309896Z,9.70768513168519,15.806,90740721.82967642,94539847.64574936,,61.63.210.175
7429,Taipeinet,Taipei,2025-04-11T03:01:03.101893Z,11.006899950030189,14.127,90837150.64905483,94197549.4171883,,61.63.210.175
7429,Taipeinet,Taipei,2025-04-11T04:01:02.349231Z,11.006899950030189,15.746,90893111.23315208,94176811.24165633,,61.63.210.175
7429,Taipeinet,Taipei,2025-04-11T05:01:02.169040Z,11.006899950030189,15.142,89435216.02183768,93906831.78970812,,61.63.210.175
11703,Taiwan Mobile,Taipei,2025-04-11T06:01:02.570682Z,11.006899950030189,16.355,90468777.56682028,93255091.4517954,,61.63.210.175
59180,Starverse Network,Taipei City,2025-04-11T07:01:02.891119Z,11.006899950030189,16.59,90560107.474368,94389121.86764768,,61.63.210.175
11703,Taiwan Mobile,Taipei,2025-04-11T08:01:02.540483Z,11.006899950030189,14.642,12209107.863826372,0.0,,61.63.210.175
18452,Chunghwa Mobile,Taoyuan,2025-04-11T09:01:03.085810Z,39.23872553506463,15.229,90500883.42284809,95363106.20537189,,61.63.210.175
18452,Chunghwa Mobile,Taoyuan,2025-04-11T10:01:02.422596Z,39.23872553506463,18.307,90769739.02342503,95711122.17712948,,61.63.210.175
18447,Chunghwa Mobile,New Taipei,2025-04-11T11:01:02.629277Z,15.847189388214197,15.724,90979406.18549368,95443901.27352121,,61.63.210.175
59180,Starverse Network,Taipei City,2025-04-11T12:01:03.112873Z,11.006899950030189,16.799,90729933.40657118,93301784.38467082,,61.63.210.175
11703,Taiwan Mobile,Taipei,2025-04-11T13:01:02.205188Z,11.006899950030189,16.689,90366869.14293523,94183240.84138079,,61.63.210.175
11703,Taiwan Mobile,Taipei,2025-04-11T14:01:02.865530Z,11.006899950030189,51.317,88466856.86927189,93710460.03775986,,61.63.210.175
13506,TAIFO Taiwan,Taipei,2025-04-11T15:01:02.566430Z,10.348015552600941,14.713,91579938.37542035,93717767.70099382,,61.63.210.175
18445,Chunghwa Mobile,Taipei,2025-04-11T16:01:02.224101Z,11.006899950030189,12.761,92156257.80259778,94477828.76346685,,61.63.210.175
38330,Taiwan Mobile,Da'an District,2025-04-11T17:01:02.558253Z,9.70768513168519,17.522,90541835.42973106,94307594.8123339,,61.63.210.175
36071,"Sky Digital Co., Ltd",Taipei,2025-04-11T18:01:02.942799Z,11.006899950030189,20.655,87895438.88483298,94187531.12191285,,61.63.210.175
36071,"Sky Digital Co., Ltd",Taipei,2025-04-11T19:01:02.497863Z,11.006899950030189,14.165,91247297.66718094,94692016.55371052,,61.63.210.175
29288,Homeplus,Daan District,2025-04-11T20:01:02.903710Z,9.868525280258714,17.955,6263988.985148741,0.0,,61.63.210.175
61136,"Pittqiao Network Information Co.,Ltd.",Taipei,2025-04-11T21:01:02.670560Z,11.006899950030189,14.727,90653589.87195466,94311181.3171983,,61.63.210.175
7429,Taipeinet,Taipei,2025-04-11T22:01:02.772210Z,11.006899950030189,16.61,90889739.26646057,94572283.26621756,,61.63.210.175
44603,Taiwan Digital Streaming Co.,Taipei,2025-04-11T23:01:02.504812Z,11.006899950030189,12.815,90335360.92536898,95133250.37608457,,61.63.210.175
18445,Chunghwa Mobile,Taipei,2025-04-12T00:01:02.267608Z,11.006899950030189,13.349,90952570.48278742,94333719.98331401,,61.63.210.175
18447,Chunghwa Mobile,New Taipei,2025-04-12T01:01:02.402314Z,15.847189388214197,16.735,91752973.53881635,94696301.28645234,,61.63.210.175
18447,Chunghwa Mobile,New Taipei,2025-04-12T02:01:02.331570Z,15.847189388214197,13.142,91458017.91782998,94558926.95768575,,61.63.210.175
11703,Taiwan Mobile,Taipei,2025-04-12T03:01:02.609442Z,11.006899950030189,14.764,90678962.8118187,94042586.1950668,,61.63.210.175
11703,Taiwan Mobile,Taipei,2025-04-12T04:01:02.854056Z,11.006899950030189,15.136,90742357.0700535,92486589.16057768,,61.63.210.175
59180,Starverse Network,Taipei City,2025-04-12T05:01:02.113526Z,11.006899950030189,15.677,90923464.8891875,94268536.82123041,,61.63.210.175
11703,Taiwan Mobile,Taipei,2025-04-12T06:01:02.640025Z,11.006899950030189,16.545,90238669.05938025,93933013.37315175,,61.63.210.175
11703,Taiwan Mobile,Taipei,2025-04-12T07:01:02.714855Z,11.006899950030189,16.354,90154661.14464305,94545138.72642043,,61.63.210.175
18447,Chunghwa Mobile,New Taipei,2025-04-12T08:01:02.647185Z,15.847189388214197,15.177,0.0,0.0,,61.63.210.175
5334,"Taiwan Star Telecom Co., Ltd.",Taipei,2025-04-12T09:01:02.274216Z,15.847189388214197,15.907,90299753.39501044,94360222.79820095,,61.63.210.175
18447,Chunghwa Mobile,New Taipei,2025-04-12T10:01:02.976461Z,15.847189388214197,14.638,91867826.14642984,93609235.66745844,,61.63.210.175
18447,Chunghwa Mobile,New Taipei,2025-04-12T11:01:02.960908Z,15.847189388214197,15.74,0.0,83244654.23890139,,61.63.210.175
44603,Taiwan Digital Streaming Co.,Taipei,2025-04-12T12:01:02.943144Z,11.006899950030189,16.523,92287565.34095058,93822398.36686137,,61.63.210.175
13506,TAIFO Taiwan,Taipei,2025-04-12T13:01:02.547598Z,10.348015552600941,16.098,85538528.95635872,94012038.76900673,,61.63.210.175
13506,TAIFO Taiwan,Taipei,2025-04-12T14:01:02.746228Z,10.348015552600941,16.163,91646282.27042328,93184433.21121204,,61.63.210.175
11702,Taiwan Mobile,Taoyuan,2025-04-12T15:01:02.800312Z,39.23872553506463,14.396,91612604.99767046,94555045.3692501,,61.63.210.175
5334,"Taiwan Star Telecom Co., Ltd.",Taipei,2025-04-12T16:01:03.017455Z,15.847189388214197,14.414,92656812.23776428,93612310.83125524,,61.63.210.175
24460,Homeplus,New Taipei,2025-04-12T17:01:02.312971Z,15.847189388214197,17.471,90050118.86661151,94251961.16101463,,61.63.210.175
38330,Taiwan Mobile,Da'an District,2025-04-12T18:01:02.765170Z,9.70768513168519,16.158,91007893.75940378,94590852.6762812,,61.63.210.175
13506,TAIFO Taiwan,Taipei,2025-04-12T19:01:02.440803Z,10.348015552600941,16.073,89263521.96570775,94596261.3804969,,61.63.210.175
7429,Taipeinet,Taipei,2025-04-12T20:01:02.465463Z,11.006899950030189,18.805,3957547.5328815216,0.0,,61.63.210.175
38330,Taiwan Mobile,Da'an District,2025-04-12T21:01:02.695177Z,9.70768513168519,16.135,90795872.65154555,94076900.04317239,,61.63.210.175
18452,Chunghwa Mobile,Taoyuan,2025-04-12T22:01:03.125837Z,39.23872553506463,16.808,91698029.47968504,95469621.72563224,,61.63.210.175
18452,Chunghwa Mobile,Taoyuan,2025-04-12T23:01:02.105887Z,39.23872553506463,18.334,91819909.44573162,95195007.56147699,,61.63.210.175
24461,Homeplus,Banqiao,2025-04-13T00:01:02.688715Z,14.444170355451327,18.302,50704147.2321298,3257760.014586084,,61.63.210.175
24429,Homeplus,Taipei,2025-04-13T01:01:02.564947Z,11.006899950030189,17.565,90468463.52825195,93304788.69478996,,61.63.210.175
24460,Homeplus,New Taipei,2025-04-13T02:01:02.916694Z,15.847189388214197,16.515,90535240.29522166,94561825.29876846,,61.63.210.175
12583,TFN Media,New Taipei,2025-04-13T03:01:02.951613Z,15.847189388214197,13.524,92347658.89090274,94136990.83284082,,61.63.210.175
38330,Taiwan Mobile,Da'an District,2025-04-13T04:01:03.352797Z,9.70768513168519,14.261,91032044.447111,94874604.04763281,,61.63.210.175
12583,TFN Media,New Taipei,2025-04-13T05:01:02.622551Z,15.847189388214197,33.282,90134766.65395428,94309626.99995941,,61.63.210.175
24429,Homeplus,Taipei,2025-04-13T06:01:03.198944Z,11.006899950030189,17.317,88891089.51084109,94332528.23318483,,61.63.210.175
18445,Chunghwa Mobile,Taipei,2025-04-13T07:01:02.687547Z,11.006899950030189,14.678,90405297.8595022,94960789.36695716,,61.63.210.175
13506,TAIFO Taiwan,Taipei,2025-04-13T08:01:03.310742Z,10.348015552600941,15.911,2471713.981606758,0.0,,61.63.210.175
18445,Chunghwa Mobile,Taipei,2025-04-13T09:01:03.064242Z,11.006899950030189,16.681,91539824.56113283,95107671.49083468,,61.63.210.175
13506,TAIFO Taiwan,Taipei,2025-04-13T10:01:02.662651Z,10.348015552600941,13.893,87510117.87946005,94138448.4333536,,61.63.210.175
18445,Chunghwa Mobile,Taipei,2025-04-13T11:01:02.650198Z,11.006899950030189,15.497,89916563.53648312,95190207.70165202,,61.63.210.175
12583,TFN Media,New Taipei,2025-04-13T12:01:03.099395Z,15.847189388214197,18.736,90705691.24277472,93853427.73825721,,61.63.210.175
36071,"Sky Digital Co., Ltd",Taipei,2025-04-13T13:01:02.392846Z,11.006899950030189,14.976,91313374.5294011,92760279.80235632,,61.63.210.175
12583,TFN Media,New Taipei,2025-04-13T14:01:02.848602Z,15.847189388214197,16.542,90940936.83671126,90827518.43621305,,61.63.210.175
24429,Homeplus,Taipei,2025-04-13T15:01:03.298078Z,11.006899950030189,20.979,88065061.66739212,94192956.99942093,,61.63.210.175
18445,Chunghwa Mobile,Taipei,2025-04-13T16:01:02.851884Z,11.006899950030189,16.681,91865454.98258996,95687924.55758187,,61.63.210.175
44603,Taiwan Digital Streaming Co.,Taipei,2025-04-13T17:01:02.802548Z,11.006899950030189,14.41,91585920.76626506,94639454.01596482,,61.63.210.175
61136,"Pittqiao Network Information Co.,Ltd.",Taipei,2025-04-13T18:01:02.497463Z,11.006899950030189,17.276,89466569.32685086,93326869.55173758,,61.63.210.175
12583,TFN Media,New Taipei,2025-04-13T19:01:03.038409Z,15.847189388214197,24.2,90536440.05579565,94114307.52710822,,61.63.210.175
61136,"Pittqiao Network Information Co.,Ltd.",Taipei,2025-04-13T20:01:02.853008Z,11.006899950030189,20.347,161893.60902538305,0.0,,61.63.210.175
42192,Yuan-Jhen Info,New Taipei,2025-04-13T21:01:02.751952Z,15.847189388214197,18.703,90633525.26690541,93566616.85463113,,61.63.210.175
42192,Yuan-Jhen Info,New Taipei,2025-04-13T22:01:02.984526Z,15.847189388214197,18.28,89912313.83042946,93946467.21059263,,61.63.210.175
18447,Chunghwa Mobile,New Taipei,2025-04-13T23:01:02.713355Z,15.847189388214197,16.991,89802628.24927703,94199864.41316296,,61.63.210.175
59180,Starverse Network,Taipei City,2025-04-14T00:01:02.770447Z,11.006899950030189,17.62,90906633.67467192,94783390.81638086,,61.63.210.175
11703,Taiwan Mobile,Taipei,2025-04-14T01:01:02.896096Z,11.006899950030189,17.331,90937475.45239538,80023411.20606971,,61.63.210.175
35066,DFT,Taipei,2025-04-14T02:01:03.182963Z,11.006899950030189,18.779,90220037.50633065,94546858.30435418,,61.63.210.175
36071,"Sky Digital Co., Ltd",Taipei,2025-04-14T03:01:02.337209Z,11.006899950030189,15.218,90604941.57750471,94633383.30601989,,61.63.210.175
42192,Yuan-Jhen Info,New Taipei,2025-04-14T04:01:02.582720Z,15.847189388214197,21.923,90063401.77400471,94496098.83767708,,61.63.210.175
35066,DFT,Taipei,2025-04-14T05:01:03.046950Z,11.006899950030189,16.389,89957670.94309047,94127405.27511396,,61.63.210.175
18445,Chunghwa Mobile,Taipei,2025-04-14T06:01:02.389890Z,11.006899950030189,16.501,91743656.95655257,94672106.66434896,,61.63.210.175
61136,"Pittqiao Network Information Co.,Ltd.",Taipei,2025-04-14T07:01:02.774302Z,11.006899950030189,17.644,89726927.07137941,94567187.08170056,,61.63.210.175
11703,Taiwan Mobile,Taipei,2025-04-14T07:41:02.998920Z,11.006899950030189,16.729,90703897.3836449,94668672.01606414,,61.63.210.175
18445,Chunghwa Mobile,Taipei,2025-04-14T08:01:03.063786Z,11.006899950030189,14.564,4711648.592163991,0.0,,61.63.210.175
11703,Taiwan Mobile,Taipei,2025-04-14T08:21:02.655189Z,11.006899950030189,17.024,90086650.98810975,94611358.236866,,61.63.210.175
11703,Taiwan Mobile,Taipei,2025-04-14T08:41:02.206498Z,11.006899950030189,16.478,90909794.88215874,94773490.85427856,,61.63.210.175
7429,Taipeinet,Taipei,2025-04-14T09:01:02.955725Z,11.006899950030189,15.086,90383528.21792428,94450414.867296,,61.63.210.175
44603,Taiwan Digital Streaming Co.,Taipei,2025-04-14T09:21:02.755256Z,11.006899950030189,24.087,90023430.49664748,94239904.02654405,,61.63.210.175
44603,Taiwan Digital Streaming Co.,Taipei,2025-04-14T09:41:02.846842Z,11.006899950030189,27.594,90909832.76487693,94118259.41057758,,61.63.210.175
44603,Taiwan Digital Streaming Co.,Taipei,2025-04-14T10:01:02.731885Z,11.006899950030189,16.443,89325564.89190671,94268430.29453766,,61.63.210.175
18445,Chunghwa Mobile,Taipei,2025-04-14T10:21:02.779392Z,11.006899950030189,21.32,91220216.32322052,95292532.35183911,,61.63.210.175
38330,Taiwan Mobile,Da'an District,2025-04-14T10:41:02.807223Z,9.70768513168519,24.89,90842159.53435358,93288201.22622788,,61.63.210.175
35066,DFT,Taipei,2025-04-14T11:01:02.895591Z,11.006899950030189,17.81,89414611.90736212,94370104.327971,,61.63.210.175
18445,Chunghwa Mobile,Taipei,2025-04-14T11:21:02.133406Z,11.006899950030189,15.741,89389632.6548786,94971984.43568994,,61.63.210.175
18445,Chunghwa Mobile,Taipei,2025-04-14T11:41:02.602552Z,11.006899950030189,16.828,92047783.8722295,95275514.00845449,,61.63.210.175
59180,Starverse Network,Taipei City,2025-04-14T12:01:02.375811Z,11.006899950030189,19.623,90756396.46749385,94305564.65643561,,61.63.210.175
59180,Starverse Network,Taipei City,2025-04-14T12:21:02.393596Z,11.006899950030189,19.812,90602261.65359645,93178446.57593492,,61.63.210.175
59180,Starverse Network,Taipei City,2025-04-14T12:41:03.178678Z,11.006899950030189,21.419,90893340.51525123,93769683.55433264,,61.63.210.175
12583,TFN Media,New Taipei,2025-04-14T13:01:02.844505Z,15.847189388214197,16.298,90784580.97798316,92759397.94914472,,61.63.210.175
12583,TFN Media,New Taipei,2025-04-14T13:21:03.819459Z,15.847189388214197,51.88,90730099.21868935,93695115.51916143,,61.63.210.175
29288,Homeplus,Daan District,2025-04-14T13:41:02.372042Z,9.868525280258714,17.402,90163615.23437203,94259101.23127325,,61.63.210.175
12583,TFN Media,New Taipei,2025-04-14T14:01:02.417891Z,15.847189388214197,20.926,90895804.6774931,93893327.63250855,,61.63.210.175
24461,Homeplus,Banqiao,2025-04-14T14:21:03.782016Z,14.444170355451327,60.307,90586973.14698246,94272800.15435296,,61.63.210.175
59180,Starverse Network,Taipei City,2025-04-14T14:41:02.800020Z,11.006899950030189,22.65,90698457.24590403,84223506.50101231,,61.63.210.175
29288,Homeplus,Daan District,2025-04-14T15:01:02.395603Z,9.868525280258714,16.178,51583817.250693485,25881280.642648228,,61.63.210.175
18447,Chunghwa Mobile,New Taipei,2025-04-14T15:21:02.616728Z,15.847189388214197,14.079,92302991.54011367,95648813.73463212,,61.63.210.175
18447,Chunghwa Mobile,New Taipei,2025-04-14T15:41:02.749289Z,15.847189388214197,15.646,90304703.82211275,95533742.98571955,,61.63.210.175
24460,Homeplus,New Taipei,2025-04-14T16:01:02.686693Z,15.847189388214197,17.498,91320097.60293701,92599519.72822884,,61.63.210.175
18447,Chunghwa Mobile,New Taipei,2025-04-14T16:21:02.910770Z,15.847189388214197,17.375,92022934.00293897,94587146.45678955,,61.63.210.175
18445,Chunghwa Mobile,Taipei,2025-04-14T16:41:02.401643Z,11.006899950030189,22.215,92144308.13573305,95550406.57040897,,61.63.210.175
24429,Homeplus,Taipei,2025-04-14T17:01:03.123593Z,11.006899950030189,15.956,90443058.36721934,94367854.20807514,,61.63.210.175
18445,Chunghwa Mobile,Taipei,2025-04-14T17:21:02.462024Z,11.006899950030189,16.352,91615994.59870972,95496501.2380122,,61.63.210.175
18445,Chunghwa Mobile,Taipei,2025-04-14T17:41:02.668094Z,11.006899950030189,19.865,91817682.13456164,95490998.87413533,,61.63.210.175
18445,Chunghwa Mobile,Taipei,2025-04-14T18:01:02.780018Z,11.006899950030189,15.458,92190267.64930458,95161057.31567384,,61.63.210.175
5334,"Taiwan Star Telecom Co., Ltd.",Taipei,2025-04-14T18:21:03.015142Z,15.847189388214197,27.681,90445907.80558051,89364285.38400856,,61.63.210.175
18447,Chunghwa Mobile,New Taipei,2025-04-14T18:41:02.975191Z,15.847189388214197,16.327,91289468.95155543,95041799.17602594,,61.63.210.175
18447,Chunghwa Mobile,New Taipei,2025-04-14T19:01:03.051616Z,15.847189388214197,22.308,91872299.99818087,94856999.02110484,,61.63.210.175
18447,Chunghwa Mobile,New Taipei,2025-04-14T19:21:03.153262Z,15.847189388214197,19.692,90997959.59432162,95587305.90965465,,61.63.210.175
17186,FarEasTone Telecom,Zhongli,2025-04-14T19:41:02.555064Z,38.47376275985003,19.804,91080314.74628614,93885288.52575128,,61.63.210.175
5334,"Taiwan Star Telecom Co., Ltd.",Taipei,2025-04-14T20:01:02.373476Z,15.847189388214197,18.103,10510078.32239505,0.0,,61.63.210.175
5334,"Taiwan Star Telecom Co., Ltd.",Taipei,2025-04-14T20:21:02.215965Z,15.847189388214197,15.735,90804353.56643385,94376395.08763133,,61.63.210.175
42192,Yuan-Jhen Info,New Taipei,2025-04-14T20:41:02.585644Z,15.847189388214197,17.124,90517721.37926811,93875711.25612056,,61.63.210.175
5334,"Taiwan Star Telecom Co., Ltd.",Taipei,2025-04-14T21:01:02.739359Z,15.847189388214197,16.769,90603851.86195844,93679189.68956165,,61.63.210.175
7429,Taipeinet,Taipei,2025-04-14T21:21:02.828836Z,11.006899950030189,18.418,90519756.44536279,91668923.05295092,,61.63.210.175
61136,"Pittqiao Network Information Co.,Ltd.",Taipei,2025-04-14T21:41:02.630407Z,11.006899950030189,17.073,89700045.77596904,94828336.19878036,,61.63.210.175
7429,Taipeinet,Taipei,2025-04-14T22:01:02.292102Z,11.006899950030189,19.961,90861143.79189731,93907125.41562742,,61.63.210.175
13506,TAIFO Taiwan,Taipei,2025-04-14T22:21:03.293611Z,10.348015552600941,16.27,90484152.88126905,93621699.24830796,,61.63.210.175
36071,"Sky Digital Co., Ltd",Taipei,2025-04-14T22:41:02.519904Z,11.006899950030189,20.457,90735023.06941731,94433558.7484983,,61.63.210.175
