12583,TFN Media,New Taipei,2025-08-01T00:01:02.737035Z,15.847189388214197,11.4,90906889.40592282,95020218.71391289,,61.63.210.175
61136,"Pittqiao Network Information Co.,Ltd.",Taipei,2025-08-01T01:01:02.883287Z,11.006899950030189,12.872,90107203.34311663,94890272.21691072,,61.63.210.175
12583,TFN Media,New Taipei,2025-08-01T02:01:02.380409Z,15.847189388214197,12.679,90539046.87596339,94406615.11242895,,61.63.210.175
12583,TFN Media,New Taipei,2025-08-01T03:01:02.756403Z,15.847189388214197,12.7,90981126.13329458,94132694.726848,,61.63.210.175
11702,Taiwan Mobile,Taoyuan,2025-08-01T04:01:03.021879Z,39.23872553506463,12.95,90713379.10050045,92703536.58445124,,61.63.210.175
12583,TFN Media,New Taipei,2025-08-01T05:01:02.676212Z,15.847189388214197,12.747,90888451.2815,94425763.68852964,,61.63.210.175
13506,TAIFO Taiwan,Taipei,2025-08-01T06:01:02.421185Z,10.348015552600941,13.466,90779521.40030223,94995376.45519331,,61.63.210.175
13506,TAIFO Taiwan,Taipei,2025-08-01T07:01:02.278062Z,10.348015552600941,12.335,90819421.50272562,94982413.7196882,,61.63.210.175
44603,Taiwan Digital Streaming Co.,Taipei,2025-08-01T08:01:02.481704Z,11.006899950030189,12.916,90647347.47950742,94618723.01545663,,61.63.210.175
13506,TAIFO Taiwan,Taipei,2025-08-01T09:01:02.677596Z,10.348015552600941,12.861,89344838.96839081,94198254.41135405,,61.63.210.175
59180,Starverse Network,Taipei City,2025-08-01T10:01:03.018892Z,11.006899950030189,12.715,90517401.33494388,0.0,,61.63.210.175
38330,Taiwan Mobile,Da'an District,2025-08-01T11:01:03.101835Z,9.70768513168519,14.026,88910513.50192185,94925846.35372272,,61.63.210.175
61136,"Pittqiao Network Information Co.,Ltd.",Taipei,2025-08-01T12:01:02.307873Z,11.006899950030189,12.125,89789685.88398898,94996409.98088273,,61.63.210.175
61136,"Pittqiao Network Information Co.,Ltd.",Taipei,2025-08-01T13:01:02.791711Z,11.006899950030189,13.299,90300417.76018815,94680792.66735928,,61.63.210.175
11703,Taiwan Mobile,Taipei,2025-08-01T14:01:02.623928Z,11.006899950030189,13.067,90450617.55728792,95343810.34601587,,61.63.210.175
7429,Taipeinet,Taipei,2025-08-01T15:01:02.734432Z,11.006899950030189,13.473,90860508.06996627,95065991.47589421,,61.63.210.175
59180,Starverse Network,Taipei City,2025-08-01T16:01:02.060115Z,11.006899950030189,13.037,59971468.49917606,0.0,,61.63.210.175
61136,"Pittqiao Network Information Co.,Ltd.",Taipei,2025-08-01T17:01:02.369383Z,11.006899950030189,13.176,90165103.21890396,94262695.89684017,,61.63.210.175
11703,Taiwan Mobile,Taipei,2025-08-01T18:01:02.220967Z,11.006899950030189,12.529,90327579.13314699,95234854.1100316,,61.63.210.175
13506,TAIFO Taiwan,Taipei,2025-08-01T19:01:02.922418Z,10.348015552600941,12.442,90893678.11655344,95399746.39380595,,61.63.210.175
13506,TAIFO Taiwan,Taipei,2025-08-01T20:01:03.005164Z,10.348015552600941,11.509,12466892.691584107,0.0,,61.63.210.175
13506,TAIFO Taiwan,Taipei,2025-08-01T21:01:02.625078Z,10.348015552600941,13.218,90538222.9284558,95195937.15417689,,61.63.210.175
36071,"Sky Digital Co., Ltd",Taipei,2025-08-01T22:01:02.284878Z,11.006899950030189,14.149,90702613.22322907,94407285.31179051,,61.63.210.175
13506,TAIFO Taiwan,Taipei,2025-08-01T23:01:02.635012Z,10.348015552600941,13.375,90691349.71388553,94435806.69959112,,61.63.210.175
36634,SEEDNET,Taoyuan District,2025-08-02T00:01:02.999199Z,29.592754645753487,13.668,91320589.66229191,95178490.14969808,,61.63.210.175
36634,SEEDNET,Taoyuan District,2025-08-02T01:01:02.406112Z,29.592754645753487,13.361,91297926.82612444,94592894.28738178,,61.63.210.175
36634,SEEDNET,Taoyuan District,2025-08-02T02:01:02.207765Z,29.592754645753487,13.151,91266064.42114873,94928383.22466679,,61.63.210.175
13506,TAIFO Taiwan,Taipei,2025-08-02T03:01:02.295196Z,10.348015552600941,12.528,90765528.7769964,94065303.119321,,61.63.210.175
13506,TAIFO Taiwan,Taipei,2025-08-02T04:01:02.635731Z,10.348015552600941,12.762,90761260.53805642,94634413.29245678,,61.63.210.175
13506,TAIFO Taiwan,Taipei,2025-08-02T05:01:02.531248Z,10.348015552600941,12.103,90601519.41726604,94597406.5619231,,61.63.210.175
18447,Chunghwa Mobile,New Taipei,2025-08-02T06:01:02.186674Z,15.847189388214197,13.426,91063048.59488261,92888947.85337341,,61.63.210.175
13506,TAIFO Taiwan,Taipei,2025-08-02T07:01:02.818412Z,10.348015552600941,13.263,90950938.93428758,95063809.12661994,,61.63.210.175
13506,TAIFO Taiwan,Taipei,2025-08-02T08:01:02.271518Z,10.348015552600941,12.164,90773819.12899578,95005920.4163056,,61.63.210.175
44603,Taiwan Digital Streaming Co.,Taipei,2025-08-02T09:01:02.674784Z,11.006899950030189,13.671,90724358.18448721,95137987.10330701,,61.63.210.175
38330,Taiwan Mobile,Da'an District,2025-08-02T10:01:02.327939Z,9.70768513168519,12.177,90023211.59857947,94824547.35884295,,61.63.210.175
44603,Taiwan Digital Streaming Co.,Taipei,2025-08-02T11:01:03.065333Z,11.006899950030189,13.386,91157304.13553508,93848953.8856275,,61.63.210.175
35066,DFT,Taipei,2025-08-02T12:01:02.335206Z,11.006899950030189,13.589,90857492.52281071,94562592.17796767,,61.63.210.175
18447,Chunghwa Mobile,New Taipei,2025-08-02T13:01:02.792082Z,15.847189388214197,12.784,91818535.17628337,94368525.16653383,,61.63.210.175
44603,Taiwan Digital Streaming Co.,Taipei,2025-08-02T14:01:02.160944Z,11.006899950030189,12.835,91586047.89382061,93877027.57635768,,61.63.210.175
18445,Chunghwa Mobile,Taipei,2025-08-02T15:01:03.093163Z,11.006899950030189,13.915,92653750.81353776,94629144.20802526,,61.63.210.175
59180,Starverse Network,Taipei City,2025-08-02T16:01:02.137535Z,11.006899950030189,12.975,90848646.6515904,0.0,,61.63.210.175
18445,Chunghwa Mobile,Taipei,2025-08-02T17:01:02.673890Z,11.006899950030189,12.095,91059981.24378751,94453728.9581348,,61.63.210.175
36634,SEEDNET,Taoyuan District,2025-08-02T18:01:02.123010Z,29.592754645753487,13.209,91959275.6891113,94987835.51096891,,61.63.210.175
36634,SEEDNET,Taoyuan District,2025-08-02T19:01:02.414445Z,29.592754645753487,14.057,91666546.25468794,94095692.76135784,,61.63.210.175
36634,SEEDNET,Taoyuan District,2025-08-02T20:01:02.351593Z,29.592754645753487,13.738,90797283.13009913,94556903.4097416,,61.63.210.175
44603,Taiwan Digital Streaming Co.,Taipei,2025-08-02T21:01:02.515413Z,11.006899950030189,13.086,90975613.08298369,95022701.03990655,,61.63.210.175
44603,Taiwan Digital Streaming Co.,Taipei,2025-08-02T22:01:03.023686Z,11.006899950030189,12.568,90837990.95173965,95033500.34321631,,61.63.210.175
11705,Taiwan Mobile,Hsinchu,2025-08-02T23:01:02.567082Z,62.48879530708989,12.222,90134510.13572228,94770989.46598254,,61.63.210.175
13506,TAIFO Taiwan,Taipei,2025-08-03T00:01:02.354454Z,10.348015552600941,12.706,91011347.53110255,94831252.89789921,,61.63.210.175
35066,DFT,Taipei,2025-08-03T01:01:02.556140Z,11.006899950030189,13.676,90230056.15340887,94736570.90890431,,61.63.210.175
13506,TAIFO Taiwan,Taipei,2025-08-03T02:01:02.596899Z,10.348015552600941,11.927,91192454.29237129,92397186.53882365,,61.63.210.175
5334,"Taiwan Star Telecom Co., Ltd.",Taipei,2025-08-03T03:01:03.088907Z,15.847189388214197,13.099,86948520.9615115,95056647.05655982,,61.63.210.175
17265,FarEasTone Telecom,Zhonghe,2025-08-03T04:01:02.777782Z,11.552168423249782,14.559,90343545.473794,93999807.53865801,,61.63.210.175
38330,Taiwan Mobile,Da'an District,2025-08-03T05:01:02.372648Z,9.70768513168519,14.948,90700718.49864668,93555528.53129813,,61.63.210.175
11703,Taiwan Mobile,Taipei,2025-08-03T06:01:02.882034Z,11.006899950030189,12.249,91078491.37448849,95161497.62073556,,61.63.210.175
11703,Taiwan Mobile,Taipei,2025-08-03T07:01:02.231388Z,11.006899950030189,12.394,90667316.26222043,94803513.86550246,,61.63.210.175
11703,Taiwan Mobile,Taipei,2025-08-03T08:01:02.683753Z,11.006899950030189,12.565,91384473.1539304,95170184.78930466,,61.63.210.175
61136,"Pittqiao Network Information Co.,Ltd.",Taipei,2025-08-03T09:01:02.391596Z,11.006899950030189,12.584,90300996.75819027,95336003.53205977,,61.63.210.175
35066,DFT,Taipei,2025-08-03T10:01:02.736944Z,11.006899950030189,13.324,90387603.41578959,94492088.4169164,,61.63.210.175
18445,Chunghwa Mobile,Taipei,2025-08-03T11:01:02.307122Z,11.006899950030189,13.436,90652678.39548904,94698245.29180358,,61.63.210.175
11702,Taiwan Mobile,Taoyuan,2025-08-03T12:01:02.262074Z,39.23872553506463,12.562,90666977.81168781,93839175.29371406,,61.63.210.175
11703,Taiwan Mobile,Taipei,2025-08-03T13:01:02.505528Z,11.006899950030189,12.715,90879814.0404206,94663427.05070743,,61.63.210.175
12583,TFN Media,New Taipei,2025-08-03T14:01:02.747229Z,15.847189388214197,12.936,90532257.99356322,94901255.05045013,,61.63.210.175
13506,TAIFO Taiwan,Taipei,2025-08-03T15:01:02.396633Z,10.348015552600941,13.048,91939148.32488984,94158116.82165745,,61.63.210.175
13506,TAIFO Taiwan,Taipei,2025-08-03T16:01:02.323371Z,10.348015552600941,13.771,91268535.86739303,94040214.21194336,,61.63.210.175
13506,TAIFO Taiwan,Taipei,2025-08-03T17:01:02.176698Z,10.348015552600941,12.328,90796409.73819292,93579578.51960525,,61.63.210.175
13506,TAIFO Taiwan,Taipei,2025-08-03T18:01:02.113878Z,10.348015552600941,12.721,91168809.7489086,94116471.15106088,,61.63.210.175
13506,TAIFO Taiwan,Taipei,2025-08-03T19:01:02.555497Z,10.348015552600941,12.58,91122586.45701303,94729438.70321536,,61.63.210.175
13506,TAIFO Taiwan,Taipei,2025-08-03T20:01:02.367547Z,10.348015552600941,12.606,91108360.83763129,94651270.23579673,,61.63.210.175
44603,Taiwan Digital Streaming Co.,Taipei,2025-08-03T21:01:03.141154Z,11.006899950030189,13.015,91120490.03367488,94327497.77231117,,61.63.210.175
18445,Chunghwa Mobile,Taipei,2025-08-03T22:01:02.382546Z,11.006899950030189,12.959,90493578.8916671,93015224.70053335,,61.63.210.175
7429,Taipeinet,Taipei,2025-08-03T23:01:03.159894Z,11.006899950030189,12.112,92145872.78549704,95292882.6041741,,61.63.210.175
13506,TAIFO Taiwan,Taipei,2025-08-04T00:01:02.090157Z,10.348015552600941,12.094,90120510.76687746,94322521.87109742,,61.63.210.175
13506,TAIFO Taiwan,Taipei,2025-08-04T01:01:02.934526Z,10.348015552600941,12.664,92047398.47281428,94684662.36865175,,61.63.210.175
44603,Taiwan Digital Streaming Co.,Taipei,2025-08-04T02:01:02.384931Z,11.006899950030189,12.475,92276383.70793569,94828885.83989058,,61.63.210.175
38330,Taiwan Mobile,Da'an District,2025-08-04T03:01:02.342185Z,9.70768513168519,12.765,92042531.73892747,94788767.33636586,,61.63.210.175
7429,Taipeinet,Taipei,2025-08-04T04:01:02.098231Z,11.006899950030189,13.631,92068761.50756511,94891920.74778436,,61.63.210.175
38330,Taiwan Mobile,Da'an District,2025-08-04T05:01:02.806088Z,9.70768513168519,12.71,90908351.88181834,94307655.25912213,,61.63.210.175
38330,Taiwan Mobile,Da'an District,2025-08-04T06:01:02.906626Z,9.70768513168519,12.441,90450983.47674043,95039913.83098754,,61.63.210.175
18445,Chunghwa Mobile,Taipei,2025-08-04T07:01:02.744510Z,11.006899950030189,14.11,90963514.94634128,95155853.31429085,,61.63.210.175
18445,Chunghwa Mobile,Taipei,2025-08-04T08:01:02.594467Z,11.006899950030189,13.175,91156511.32005364,94311595.9301192,,61.63.210.175
11703,Taiwan Mobile,Taipei,2025-08-04T09:01:02.600931Z,11.006899950030189,13.429,90527174.97114998,94039658.55628347,,61.63.210.175
18445,Chunghwa Mobile,Taipei,2025-08-04T10:01:02.870396Z,11.006899950030189,12.954,90083574.92337811,94595484.89155625,,61.63.210.175
11703,Taiwan Mobile,Taipei,2025-08-04T11:01:02.472277Z,11.006899950030189,13.27,91876477.21058713,94988243.67684492,,61.63.210.175
38330,Taiwan Mobile,Da'an District,2025-08-04T12:01:04.278746Z,9.70768513168519,13.357,92202553.90636258,93861471.33784746,,61.63.210.175
38330,Taiwan Mobile,Da'an District,2025-08-04T13:01:02.514953Z,9.70768513168519,13.593,91089977.42786774,94215281.84454945,,61.63.210.175
38330,Taiwan Mobile,Da'an District,2025-08-04T14:01:02.843148Z,9.70768513168519,14.394,91033700.387389,95254682.20696045,,61.63.210.175
29288,Homeplus,Daan District,2025-08-04T15:01:03.153677Z,9.868525280258714,15.061,90619391.15194093,94702069.80288456,,61.63.210.175
29288,Homeplus,Daan District,2025-08-04T16:01:02.288773Z,9.868525280258714,14.928,90505023.43221839,94149190.48603947,,61.63.210.175
42192,Yuan-Jhen Info,New Taipei,2025-08-04T17:01:02.342985Z,15.847189388214197,14.669,90217832.72922072,94296677.89902002,,61.63.210.175
59180,Starverse Network,Taipei City,2025-08-04T18:01:02.536108Z,11.006899950030189,12.671,90407676.3820467,0.0,,61.63.210.175
59180,Starverse Network,Taipei City,2025-08-04T19:01:02.955631Z,11.006899950030189,13.738,91929243.89527324,0.0,,61.63.210.175
44603,Taiwan Digital Streaming Co.,Taipei,2025-08-04T20:01:02.176274Z,11.006899950030189,13.782,10738141.264696917,0.0,,61.63.210.175
18447,Chunghwa Mobile,New Taipei,2025-08-04T21:01:03.403851Z,15.847189388214197,12.868,91892501.16389433,94801617.63263234,,61.63.210.175
18447,Chunghwa Mobile,New Taipei,2025-08-04T22:01:02.392703Z,15.847189388214197,12.594,88478082.46562926,93145425.92496528,,61.63.210.175
18447,Chunghwa Mobile,New Taipei,2025-08-04T23:01:02.416680Z,15.847189388214197,14.065,91148392.09949625,94735246.26714398,,61.63.210.175
36634,SEEDNET,Taoyuan District,2025-08-05T00:01:02.904396Z,29.592754645753487,13.587,90799611.88488644,94749128.19050106,,61.63.210.175
18447,Chunghwa Mobile,New Taipei,2025-08-05T01:01:02.376656Z,15.847189388214197,13.226,91090501.97767654,94536645.7409997,,61.63.210.175
36634,SEEDNET,Taoyuan District,2025-08-05T02:01:02.564202Z,29.592754645753487,12.514,90878906.69013375,94860898.31836778,,61.63.210.175
13506,TAIFO Taiwan,Taipei,2025-08-05T03:01:02.195300Z,10.348015552600941,13.232,90042052.11476828,94107353.30083281,,61.63.210.175
11702,Taiwan Mobile,Taoyuan,2025-08-05T04:01:02.364580Z,39.23872553506463,12.168,90537330.6283838,94802918.79181567,,61.63.210.175
18452,Chunghwa Mobile,Taoyuan,2025-08-05T05:01:02.949284Z,39.23872553506463,13.161,91476210.19649889,94965323.45039481,,61.63.210.175
13506,TAIFO Taiwan,Taipei,2025-08-05T06:01:02.051919Z,10.348015552600941,13.461,90824003.3604974,94219075.63435765,,61.63.210.175
36071,"Sky Digital Co., Ltd",Taipei,2025-08-05T07:01:03.155406Z,11.006899950030189,13.862,92419866.40566707,94702748.02414136,,61.63.210.175
13506,TAIFO Taiwan,Taipei,2025-08-05T08:01:02.441875Z,10.348015552600941,13.994,90966012.79325432,94971437.9164153,,61.63.210.175
7429,Taipeinet,Taipei,2025-08-05T09:01:02.665582Z,11.006899950030189,14.12,89897577.78180997,94336490.19174054,,61.63.210.175
35066,DFT,Taipei,2025-08-05T10:01:02.441498Z,11.006899950030189,14.179,91646521.42562874,94684439.75259803,,61.63.210.175
17265,FarEasTone Telecom,Zhonghe,2025-08-05T11:01:02.645329Z,11.552168423249782,14.449,89899079.32094236,94572429.41750908,,61.63.210.175
59180,Starverse Network,Taipei City,2025-08-05T12:01:02.582402Z,11.006899950030189,13.147,0.0,0.0,,61.63.210.175
59180,Starverse Network,Taipei City,2025-08-05T13:01:02.363872Z,11.006899950030189,14.962,91558790.600196,32369193.24133554,,61.63.210.175
29288,Homeplus,Daan District,2025-08-05T14:01:02.236649Z,9.868525280258714,14.004,93127337.31226422,96041747.00418882,,61.63.210.175
5334,"Taiwan Star Telecom Co., Ltd.",Taipei,2025-08-05T15:01:02.531787Z,15.847189388214197,13.44,91581699.29720002,94941413.04279189,,61.63.210.175
36634,SEEDNET,Taoyuan District,2025-08-05T16:01:02.118776Z,29.592754645753487,13.525,90692929.10005768,95097678.43051673,,61.63.210.175
5334,"Taiwan Star Telecom Co., Ltd.",Taipei,2025-08-05T17:01:02.376264Z,15.847189388214197,12.844,91259115.12022628,95339838.2593329,,61.63.210.175
11702,Taiwan Mobile,Taoyuan,2025-08-05T18:01:02.013500Z,39.23872553506463,12.783,91762935.81472723,95131103.73853186,,61.63.210.175
11702,Taiwan Mobile,Taoyuan,2025-08-05T19:01:02.199115Z,39.23872553506463,12.029,93440683.84210406,90829859.70127834,,61.63.210.175
11702,Taiwan Mobile,Taoyuan,2025-08-05T20:01:02.813445Z,39.23872553506463,13.047,7865947.227875844,0.0,,61.63.210.175
44603,Taiwan Digital Streaming Co.,Taipei,2025-08-05T21:01:03.114312Z,11.006899950030189,13.433,89495740.04645306,94497385.12693031,,61.63.210.175
11703,Taiwan Mobile,Taipei,2025-08-05T22:01:02.468850Z,11.006899950030189,11.78,90552633.66289316,94596539.6199394,,61.63.210.175
11703,Taiwan Mobile,Taipei,2025-08-05T23:01:02.774662Z,11.006899950030189,12.513,90138843.43458256,93960241.59197582,,61.63.210.175
11708,Taiwan Mobile,Hualien,2025-08-06T00:01:02.125862Z,108.36800848521379,12.292,90871863.1793839,94864261.43196534,,61.63.210.175
18447,Chunghwa Mobile,New Taipei,2025-08-06T01:01:02.553404Z,15.847189388214197,12.754,90967414.34113401,94408821.76074491,,61.63.210.175
11708,Taiwan Mobile,Hualien,2025-08-06T02:01:03.049267Z,108.36800848521379,11.763,90761506.91265383,94923248.97511639,,61.63.210.175
13506,TAIFO Taiwan,Taipei,2025-08-06T03:01:02.347303Z,10.348015552600941,12.719,90758594.94802207,95033574.79715629,,61.63.210.175
13506,TAIFO Taiwan,Taipei,2025-08-06T04:01:02.465073Z,10.348015552600941,12.8,90719280.15363182,93965539.066088,,61.63.210.175
11703,Taiwan Mobile,Taipei,2025-08-06T05:01:02.319122Z,11.006899950030189,12.465,90505620.48022579,94646882.5111154,,61.63.210.175
71293,PEGATRON,Taipei,2025-08-06T06:01:02.958974Z,11.006899950030189,13.561,91237933.64714536,94717832.56691764,,61.63.210.175
38330,Taiwan Mobile,Da'an District,2025-08-06T07:01:03.306734Z,9.70768513168519,12.918,91138346.68712215,94569926.87620598,,61.63.210.175
7429,Taipeinet,Taipei,2025-08-06T08:01:02.372610Z,11.006899950030189,12.542,90540861.81777781,93722483.46284407,,61.63.210.175
18452,Chunghwa Mobile,Taoyuan,2025-08-06T09:01:03.204341Z,39.23872553506463,12.974,89719354.75587985,96395402.29666847,,61.63.210.175
35066,DFT,Taipei,2025-08-06T10:01:02.729393Z,11.006899950030189,13.478,89364962.910771,94425340.64683293,,61.63.210.175
18452,Chunghwa Mobile,Taoyuan,2025-08-06T11:01:02.330491Z,39.23872553506463,12.803,91840949.27679138,95407889.1317486,,61.63.210.175
38330,Taiwan Mobile,Da'an District,2025-08-06T12:01:02.209934Z,9.70768513168519,12.396,90549759.02263826,94793908.31998798,,61.63.210.175
38330,Taiwan Mobile,Da'an District,2025-08-06T13:01:03.048822Z,9.70768513168519,13.616,91440521.73193268,95071524.24470685,,61.63.210.175
18445,Chunghwa Mobile,Taipei,2025-08-06T14:01:02.740900Z,11.006899950030189,13.425,87314358.37379456,94659389.27331504,,61.63.210.175
18475,Chief Telecom,Keelung,2025-08-06T15:01:02.776070Z,25.363080879804894,13.495,89261578.36988196,95650650.62651253,,61.63.210.175
18475,Chief Telecom,Keelung,2025-08-06T16:01:02.723381Z,25.363080879804894,14.391,89781556.11542138,95766458.90448536,,61.63.210.175
18475,Chief Telecom,Keelung,2025-08-06T17:01:02.707697Z,25.363080879804894,13.028,91048395.57696307,95639011.49587335,,61.63.210.175
13506,TAIFO Taiwan,Taipei,2025-08-06T18:01:03.024685Z,10.348015552600941,12.624,90849647.8966215,94472766.43697569,,61.63.210.175
13506,TAIFO Taiwan,Taipei,2025-08-06T19:01:02.678163Z,10.348015552600941,12.379,90988502.28154811,92931215.41028906,,61.63.210.175
38330,Taiwan Mobile,Da'an District,2025-08-06T20:01:02.230209Z,9.70768513168519,12.739,11557522.793635244,0.0,,61.63.210.175
11705,Taiwan Mobile,Hsinchu,2025-08-06T21:01:02.826898Z,62.48879530708989,11.985,91214501.94304347,94759330.67729743,,61.63.210.175
11705,Taiwan Mobile,Hsinchu,2025-08-06T22:01:02.985025Z,62.48879530708989,13.066,90632533.87589596,93346573.63784231,,61.63.210.175
11702,Taiwan Mobile,Taoyuan,2025-08-06T23:01:02.308827Z,39.23872553506463,12.292,90533576.23715045,95170690.13662796,,61.63.210.175
11703,Taiwan Mobile,Taipei,2025-08-07T00:01:02.237421Z,11.006899950030189,12.583,91009566.81382136,94786864.35150601,,61.63.210.175
18447,Chunghwa Mobile,New Taipei,2025-08-07T01:01:02.440778Z,15.847189388214197,13.205,90924718.85217457,93947158.23110312,,61.63.210.175
5334,"Taiwan Star Telecom Co., Ltd.",Taipei,2025-08-07T02:01:02.360232Z,15.847189388214197,12.831,91488783.36645643,94688944.7354937,,61.63.210.175
18445,Chunghwa Mobile,Taipei,2025-08-07T03:01:02.779420Z,11.006899950030189,13.334,91089203.30956241,94938782.34801617,,61.63.210.175
18445,Chunghwa Mobile,Taipei,2025-08-07T04:01:02.563441Z,11.006899950030189,12.446,91166440.09418868,93721379.51515882,,61.63.210.175
18445,Chunghwa Mobile,Taipei,2025-08-07T05:01:02.788494Z,11.006899950030189,13.304,89671923.77383688,94312648.24681926,,61.63.210.175
44603,Taiwan Digital Streaming Co.,Taipei,2025-08-07T06:01:02.315744Z,11.006899950030189,13.029,90386250.58042672,92273487.05873066,,61.63.210.175
18445,Chunghwa Mobile,Taipei,2025-08-07T07:01:03.108017Z,11.006899950030189,13.477,89838899.32002223,94832924.27487633,,61.63.210.175
5334,"Taiwan Star Telecom Co., Ltd.",Taipei,2025-08-07T08:01:02.407893Z,15.847189388214197,12.894,90509424.18949254,94694078.56792995,,61.63.210.175
5334,"Taiwan Star Telecom Co., Ltd.",Taipei,2025-08-07T09:01:02.522706Z,15.847189388214197,14.004,90481642.87841757,94196818.12766084,,61.63.210.175
11702,Taiwan Mobile,Taoyuan,2025-08-07T10:01:03.021168Z,39.23872553506463,13.476,86949705.32344331,94484674.73217434,,61.63.210.175
12583,TFN Media,New Taipei,2025-08-07T11:01:03.079427Z,15.847189388214197,13.842,91161187.1902149,94809610.17307813,,61.63.210.175
7429,Taipeinet,Taipei,2025-08-07T12:01:02.590823Z,11.006899950030189,12.654,90596876.28745358,95027215.38423014,,61.63.210.175
7429,Taipeinet,Taipei,2025-08-07T13:01:03.051025Z,11.006899950030189,13.038,90732000.28676122,94884238.51401243,,61.63.210.175
44603,Taiwan Digital Streaming Co.,Taipei,2025-08-07T14:01:03.106828Z,11.006899950030189,13.364,90837680.15394647,94847896.53430454,,61.63.210.175
13506,TAIFO Taiwan,Taipei,2025-08-07T15:01:03.501972Z,10.348015552600941,12.087,90865901.94124502,94794151.94005728,,61.63.210.175
13506,TAIFO Taiwan,Taipei,2025-08-07T16:01:02.190817Z,10.348015552600941,12.273,90856191.44972184,94525664.87042727,,61.63.210.175
38330,Taiwan Mobile,Da'an District,2025-08-07T17:01:03.019479Z,9.70768513168519,12.94,90630170.5929253,94425523.51881637,,61.63.210.175
11703,Taiwan Mobile,Taipei,2025-08-07T18:01:02.409256Z,11.006899950030189,13.031,90390895.88265783,94462782.69211894,,61.63.210.175
11703,Taiwan Mobile,Taipei,2025-08-07T19:01:02.268947Z,11.006899950030189,12.988,90960414.34919602,94500121.88060011,,61.63.210.175
11703,Taiwan Mobile,Taipei,2025-08-07T20:01:02.347519Z,11.006899950030189,13.186,42487028.84040126,94217600.21139948,,61.63.210.175
7429,Taipeinet,Taipei,2025-08-07T21:01:02.889049Z,11.006899950030189,12.91,90822810.45589323,94068600.01523428,,61.63.210.175
29288,Homeplus,Daan District,2025-08-07T22:01:03.055197Z,9.868525280258714,12.52,91677424.0886511,94935970.43075436,,61.63.210.175
35066,DFT,Taipei,2025-08-07T23:01:02.158286Z,11.006899950030189,12.886,86923089.97994716,95038376.90952756,,61.63.210.175
12583,TFN Media,New Taipei,2025-08-08T00:01:02.240287Z,15.847189388214197,13.728,90697415.64790028,95529873.71782854,,61.63.210.175
35066,DFT,Taipei,2025-08-08T01:01:02.161722Z,11.006899950030189,12.57,90369716.43627633,94602498.36612962,,61.63.210.175
11703,Taiwan Mobile,Taipei,2025-08-08T02:01:03.094335Z,11.006899950030189,12.231,90298436.29514255,94363588.12591363,,61.63.210.175
18445,Chunghwa Mobile,Taipei,2025-08-08T03:01:02.383924Z,11.006899950030189,13.064,90795283.7911456,94999397.24708152,,61.63.210.175
18475,Chief Telecom,Keelung,2025-08-08T04:01:02.660927Z,25.363080879804894,12.088,89447809.70410033,95243886.88822424,,61.63.210.175
18475,Chief Telecom,Keelung,2025-08-08T05:01:03.172302Z,25.363080879804894,12.127,90662434.82972765,94848809.53088848,,61.63.210.175
38330,Taiwan Mobile,Da'an District,2025-08-08T06:01:03.041434Z,9.70768513168519,12.613,90762262.80307181,93309841.05794305,,61.63.210.175
38330,Taiwan Mobile,Da'an District,2025-08-08T07:01:02.522924Z,9.70768513168519,14.039,91023700.04825577,94966953.73960285,,61.63.210.175
11705,Taiwan Mobile,Hsinchu,2025-08-08T08:01:02.481902Z,62.48879530708989,12.945,90722767.5189435,95168245.91717735,,61.63.210.175
11703,Taiwan Mobile,Taipei,2025-08-08T09:01:03.045914Z,11.006899950030189,13.698,90552925.97945131,94694006.94739886,,61.63.210.175
11703,Taiwan Mobile,Taipei,2025-08-08T10:01:02.701723Z,11.006899950030189,12.267,90148764.89268877,94802381.72154124,,61.63.210.175
7429,Taipeinet,Taipei,2025-08-08T11:01:02.386049Z,11.006899950030189,12.937,90879876.06305756,94892443.78277762,,61.63.210.175
7429,Taipeinet,Taipei,2025-08-08T12:01:02.263023Z,11.006899950030189,13.461,89496226.7552725,94583910.32564338,,61.63.210.175
7429,Taipeinet,Taipei,2025-08-08T13:01:02.379184Z,11.006899950030189,13.883,91088338.46204999,94808152.47686349,,61.63.210.175
35066,DFT,Taipei,2025-08-08T14:01:02.381040Z,11.006899950030189,13.406,86349094.95982605,93715829.90324824,,61.63.210.175
7429,Taipeinet,Taipei,2025-08-08T15:01:02.453623Z,11.006899950030189,13.603,72763902.23571768,93067581.37333345,,61.63.210.175
59180,Starverse Network,Taipei City,2025-08-08T16:01:02.582981Z,11.006899950030189,13.028,90463421.53397103,0.0,,61.63.210.175
7429,Taipeinet,Taipei,2025-08-08T17:01:02.245961Z,11.006899950030189,13.217,88833517.26151225,93575663.81346865,,61.63.210.175
11703,Taiwan Mobile,Taipei,2025-08-08T18:01:02.325162Z,11.006899950030189,12.298,90567729.45657381,94742890.25376512,,61.63.210.175
11703,Taiwan Mobile,Taipei,2025-08-08T19:01:02.402775Z,11.006899950030189,12.813,89962691.53361362,94781150.22987577,,61.63.210.175
11703,Taiwan Mobile,Taipei,2025-08-08T20:01:02.048059Z,11.006899950030189,12.406,90072030.37518586,94764736.3166659,,61.63.210.175
11703,Taiwan Mobile,Taipei,2025-08-08T21:01:02.463595Z,11.006899950030189,12.868,90811982.3595772,95225855.14700218,,61.63.210.175
11703,Taiwan Mobile,Taipei,2025-08-08T22:01:02.055762Z,11.006899950030189,12.168,90310482.43304838,95147686.65255709,,61.63.210.175
11703,Taiwan Mobile,Taipei,2025-08-08T23:01:02.271675Z,11.006899950030189,12.767,90530066.86684921,94282277.83755785,,61.63.210.175
44603,Taiwan Digital Streaming Co.,Taipei,2025-08-09T00:01:02.610970Z,11.006899950030189,13.52,91128452.37301102,94859874.89939967,,61.63.210.175
5334,"Taiwan Star Telecom Co., Ltd.",Taipei,2025-08-09T01:01:02.508652Z,15.847189388214197,12.29,90532721.08757718,94655461.37270208,,61.63.210.175
5334,"Taiwan Star Telecom Co., Ltd.",Taipei,2025-08-09T02:01:02.412356Z,15.847189388214197,11.56,90394096.42404696,92413821.48698226,,61.63.210.175
29288,Homeplus,Daan District,2025-08-09T03:01:03.171776Z,9.868525280258714,13.758,91278461.60181606,94729388.77055144,,61.63.210.175
59180,Starverse Network,Taipei City,2025-08-09T04:01:02.080872Z,11.006899950030189,13.179,76099286.80243258,0.0,,61.63.210.175
59180,Starverse Network,Taipei City,2025-08-09T05:01:02.966775Z,11.006899950030189,12.936,89551157.8621122,0.0,,61.63.210.175
13506,TAIFO Taiwan,Taipei,2025-08-09T06:01:02.713554Z,10.348015552600941,12.101,90756229.87709747,95003815.9341038,,61.63.210.175
5334,"Taiwan Star Telecom Co., Ltd.",Taipei,2025-08-09T07:01:02.620960Z,15.847189388214197,12.823,90660444.34153341,95054503.90192421,,61.63.210.175
5334,"Taiwan Star Telecom Co., Ltd.",Taipei,2025-08-09T08:01:02.614412Z,15.847189388214197,13.11,90462118.13420776,95256342.02092761,,61.63.210.175
13506,TAIFO Taiwan,Taipei,2025-08-09T09:01:02.535630Z,10.348015552600941,13.1,90586331.70161459,94376224.0779085,,61.63.210.175
18445,Chunghwa Mobile,Taipei,2025-08-09T10:01:03.008809Z,11.006899950030189,12.447,91069120.80395177,94041773.30758992,,61.63.210.175
13506,TAIFO Taiwan,Taipei,2025-08-09T11:01:02.257881Z,10.348015552600941,13.319,90840008.99926795,94394366.86125799,,61.63.210.175
38330,Taiwan Mobile,Da'an District,2025-08-09T12:01:02.495161Z,9.70768513168519,12.182,90765209.22416998,94990192.45931982,,61.63.210.175
35066,DFT,Taipei,2025-08-09T13:01:02.523217Z,11.006899950030189,13.531,88101651.89498524,95291649.39470914,,61.63.210.175
35066,DFT,Taipei,2025-08-09T14:01:02.698693Z,11.006899950030189,13.287,86963363.60300691,94752210.89878936,,61.63.210.175
35066,DFT,Taipei,2025-08-09T15:01:02.460835Z,11.006899950030189,13.404,86658103.97916773,95144970.29062721,,61.63.210.175
59180,Starverse Network,Taipei City,2025-08-09T16:01:02.102964Z,11.006899950030189,13.82,90441966.92620437,0.0,,61.63.210.175
35066,DFT,Taipei,2025-08-09T17:01:03.167530Z,11.006899950030189,13.333,88170168.34615034,93841696.05441667,,61.63.210.175
18445,Chunghwa Mobile,Taipei,2025-08-09T18:01:02.305384Z,11.006899950030189,12.514,90879403.74899542,94457975.90140729,,61.63.210.175
18445,Chunghwa Mobile,Taipei,2025-08-09T19:01:02.734053Z,11.006899950030189,13.39,91102516.163615,94462677.70148599,,61.63.210.175
18445,Chunghwa Mobile,Taipei,2025-08-09T20:01:02.027699Z,11.006899950030189,12.478,18639724.35542461,0.0,,61.63.210.175
12583,TFN Media,New Taipei,2025-08-09T21:01:02.857249Z,15.847189388214197,12.166,90827435.99349184,94991089.1505217,,61.63.210.175
18445,Chunghwa Mobile,Taipei,2025-08-09T22:01:02.126005Z,11.006899950030189,12.227,91076633.48056737,95037068.12028739,,61.63.210.175
12583,TFN Media,New Taipei,2025-08-09T23:01:02.818763Z,15.847189388214197,11.798,90611440.44894777,94404319.11060436,,61.63.210.175
13506,TAIFO Taiwan,Taipei,2025-08-10T00:01:02.591142Z,10.348015552600941,11.857,91030444.36933543,94517484.6120805,,61.63.210.175
13506,TAIFO Taiwan,Taipei,2025-08-10T01:01:02.738170Z,10.348015552600941,12.843,90808578.01761796,94324652.075993,,61.63.210.175
13506,TAIFO Taiwan,Taipei,2025-08-10T02:01:02.869140Z,10.348015552600941,12.468,90998856.55123179,95523379.92414644,,61.63.210.175
13506,TAIFO Taiwan,Taipei,2025-08-10T03:01:03.049229Z,10.348015552600941,12.823,90643649.83487116,94783608.51574056,,61.63.210.175
35066,DFT,Taipei,2025-08-10T04:01:02.144278Z,11.006899950030189,13.402,91031781.86836615,94795182.53886384,,61.63.210.175
7429,Taipeinet,Taipei,2025-08-10T05:01:02.910470Z,11.006899950030189,13.853,79068001.67598574,94754985.03846514,,61.63.210.175
13506,TAIFO Taiwan,Taipei,2025-08-10T06:01:02.358098Z,10.348015552600941,13.031,90845077.1696657,94997075.85030091,,61.63.210.175
13506,TAIFO Taiwan,Taipei,2025-08-10T07:01:02.827543Z,10.348015552600941,12.799,90928854.13405818,94475714.62466292,,61.63.210.175
13506,TAIFO Taiwan,Taipei,2025-08-10T08:01:02.787293Z,10.348015552600941,12.423,90613739.37652127,95022755.55946775,,61.63.210.175
7429,Taipeinet,Taipei,2025-08-10T09:01:02.819686Z,11.006899950030189,13.809,90615363.80968912,94768425.0588043,,61.63.210.175
7429,Taipeinet,Taipei,2025-08-10T10:01:02.102115Z,11.006899950030189,13.627,90625372.06388943,93465601.44790608,,61.63.210.175
12583,TFN Media,New Taipei,2025-08-10T11:01:02.452460Z,15.847189388214197,13.215,90755967.59048101,95024253.43939917,,61.63.210.175
18445,Chunghwa Mobile,Taipei,2025-08-10T12:01:02.482723Z,11.006899950030189,13.361,90827055.80320612,94677978.64897227,,61.63.210.175
18445,Chunghwa Mobile,Taipei,2025-08-10T13:01:02.531116Z,11.006899950030189,13.338,90940758.75698858,95212513.55372076,,61.63.210.175
17265,FarEasTone Telecom,Zhonghe,2025-08-10T14:01:02.332904Z,11.552168423249782,14.287,91041534.40313387,94594683.69748698,,61.63.210.175
18447,Chunghwa Mobile,New Taipei,2025-08-10T15:01:03.079275Z,15.847189388214197,13.544,91163508.49113572,94234287.2093438,,61.63.210.175
18447,Chunghwa Mobile,New Taipei,2025-08-10T16:01:02.089881Z,15.847189388214197,14.611,91341756.04852922,93841746.19869316,,61.63.210.175
18447,Chunghwa Mobile,New Taipei,2025-08-10T17:01:02.863036Z,15.847189388214197,12.976,91119824.20991124,94624729.0911388,,61.63.210.175
12583,TFN Media,New Taipei,2025-08-10T18:01:02.066501Z,15.847189388214197,13.093,90890235.31802095,93964047.23656346,,61.63.210.175
38330,Taiwan Mobile,Da'an District,2025-08-10T19:01:02.696529Z,9.70768513168519,13.166,90899811.52712652,94018895.74316707,,61.63.210.175
38330,Taiwan Mobile,Da'an District,2025-08-10T20:01:02.328455Z,9.70768513168519,12.34,14636965.665130097,0.0,,61.63.210.175
7429,Taipeinet,Taipei,2025-08-10T21:01:02.492822Z,11.006899950030189,13.299,90434881.27849707,94173655.94984515,,61.63.210.175
7429,Taipeinet,Taipei,2025-08-10T22:01:02.265110Z,11.006899950030189,13.668,89352523.2395365,94429324.20633218,,61.63.210.175
7429,Taipeinet,Taipei,2025-08-10T23:01:02.155639Z,11.006899950030189,13.466,88753523.26826057,94996011.60191596,,61.63.210.175
11703,Taiwan Mobile,Taipei,2025-08-11T00:01:02.737362Z,11.006899950030189,13.405,90658873.92701496,94904993.2328521,,61.63.210.175
11703,Taiwan Mobile,Taipei,2025-08-11T01:01:02.206355Z,11.006899950030189,12.175,90577667.96731468,94195731.10662448,,61.63.210.175
11703,Taiwan Mobile,Taipei,2025-08-11T02:01:02.856534Z,11.006899950030189,13.461,90269139.35090044,93907664.88253109,,61.63.210.175
13506,TAIFO Taiwan,Taipei,2025-08-11T03:01:02.237295Z,10.348015552600941,13.808,90629343.19661073,94141679.56007819,,61.63.210.175
13506,TAIFO Taiwan,Taipei,2025-08-11T04:01:02.744175Z,10.348015552600941,12.774,90217714.98967694,93918353.85753514,,61.63.210.175
13506,TAIFO Taiwan,Taipei,2025-08-11T05:01:03.102354Z,10.348015552600941,11.801,91177538.90202327,94447886.97052652,,61.63.210.175
38330,Taiwan Mobile,Da'an District,2025-08-11T06:01:02.718399Z,9.70768513168519,12.088,90533010.02373049,95147942.01559743,,61.63.210.175
18445,Chunghwa Mobile,Taipei,2025-08-11T07:01:02.516776Z,11.006899950030189,14.062,91192288.21251027,94848868.06285098,,61.63.210.175
18445,Chunghwa Mobile,Taipei,2025-08-11T08:01:02.503289Z,11.006899950030189,12.573,91029926.17434393,94739277.38509217,,61.63.210.175
7429,Taipeinet,Taipei,2025-08-11T09:01:02.921476Z,11.006899950030189,13.42,84150837.87964056,94223382.93253592,,61.63.210.175
38330,Taiwan Mobile,Da'an District,2025-08-11T10:01:02.932299Z,9.70768513168519,13.121,91157687.35307859,89068010.89122333,,61.63.210.175
59180,Starverse Network,Taipei City,2025-08-11T11:01:02.513920Z,11.006899950030189,13.255,91175752.12596674,94877256.83933339,,61.63.210.175
35066,DFT,Taipei,2025-08-11T12:01:02.957113Z,11.006899950030189,13.05,90369034.84385484,95179961.5052775,,61.63.210.175
12583,TFN Media,New Taipei,2025-08-11T13:01:02.334019Z,15.847189388214197,13.439,91002213.5030588,94527171.7391612,,61.63.210.175
12583,TFN Media,New Taipei,2025-08-11T14:01:02.727927Z,15.847189388214197,13.117,90737730.35640417,94924464.36752985,,61.63.210.175
11703,Taiwan Mobile,Taipei,2025-08-11T15:01:02.364038Z,11.006899950030189,11.997,90216916.11270478,94453702.01779576,,61.63.210.175
13506,TAIFO Taiwan,Taipei,2025-08-11T16:01:02.710699Z,10.348015552600941,12.594,90610527.60463369,95106739.35106134,,61.63.210.175
11703,Taiwan Mobile,Taipei,2025-08-11T17:01:02.421196Z,11.006899950030189,12.135,90892298.33000793,94330502.69646917,,61.63.210.175
5334,"Taiwan Star Telecom Co., Ltd.",Taipei,2025-08-11T18:01:02.331907Z,15.847189388214197,13.713,90661321.77875932,94883826.35354203,,61.63.210.175
11703,Taiwan Mobile,Taipei,2025-08-11T19:01:02.458187Z,11.006899950030189,13.196,90484971.63492633,94423724.26392585,,61.63.210.175
11703,Taiwan Mobile,Taipei,2025-08-11T20:01:02.196365Z,11.006899950030189,12.072,5615622.02564297,0.0,,61.63.210.175
18445,Chunghwa Mobile,Taipei,2025-08-11T21:01:02.463626Z,11.006899950030189,13.231,90983581.04228584,94842406.16526988,,61.63.210.175
18445,Chunghwa Mobile,Taipei,2025-08-11T22:01:02.464578Z,11.006899950030189,13.389,90866675.176309,92669507.11011747,,61.63.210.175
18445,Chunghwa Mobile,Taipei,2025-08-11T23:01:02.328148Z,11.006899950030189,13.757,90743474.15771306,94056814.38486013,,61.63.210.175
13506,TAIFO Taiwan,Taipei,2025-08-12T00:01:02.759326Z,10.348015552600941,13.006,90837106.55877377,94486247.0418472,,61.63.210.175
13506,TAIFO Taiwan,Taipei,2025-08-12T01:01:02.251739Z,10.348015552600941,12.915,90601832.83279452,94542251.81368467,,61.63.210.175
18447,Chunghwa Mobile,New Taipei,2025-08-12T02:01:02.959512Z,15.847189388214197,13.281,91055034.33302405,94575454.08455735,,61.63.210.175
44603,Taiwan Digital Streaming Co.,Taipei,2025-08-12T03:01:03.064444Z,11.006899950030189,12.789,90732387.70614946,94650230.03269914,,61.63.210.175
12583,TFN Media,New Taipei,2025-08-12T04:01:02.217699Z,15.847189388214197,14.125,91787446.38884379,94596487.90929434,,61.63.210.175
44603,Taiwan Digital Streaming Co.,Taipei,2025-08-12T05:01:02.746354Z,11.006899950030189,12.876,92233636.21495143,95075721.52598883,,61.63.210.175
38330,Taiwan Mobile,Da'an District,2025-08-12T06:01:02.821955Z,9.70768513168519,12.174,92428796.72392416,93611778.99545272,,61.63.210.175
18452,Chunghwa Mobile,Taoyuan,2025-08-12T07:01:02.434348Z,39.23872553506463,13.439,93009365.79290427,95669404.55809532,,61.63.210.175
18447,Chunghwa Mobile,New Taipei,2025-08-12T08:01:02.724921Z,15.847189388214197,13.357,92611011.82550317,94789366.0937937,,61.63.210.175
36071,"Sky Digital Co., Ltd",Taipei,2025-08-12T09:01:02.818739Z,11.006899950030189,13.64,92103038.88797256,95298511.67739046,,61.63.210.175
17265,FarEasTone Telecom,Zhonghe,2025-08-12T10:01:02.286762Z,11.552168423249782,13.627,92743233.56647952,94638250.29394022,,61.63.210.175
17265,FarEasTone Telecom,Zhonghe,2025-08-12T11:01:02.449746Z,11.552168423249782,14.51,91817167.36438718,94005275.32735784,,61.63.210.175
5334,"Taiwan Star Telecom Co., Ltd.",Taipei,2025-08-12T12:01:02.133924Z,15.847189388214197,12.511,90708905.07725665,93326006.6340756,,61.63.210.175
35066,DFT,Taipei,2025-08-12T13:01:02.631805Z,11.006899950030189,12.608,91031581.1456671,94836548.08491063,,61.63.210.175
5334,"Taiwan Star Telecom Co., Ltd.",Taipei,2025-08-12T14:01:02.380235Z,15.847189388214197,12.452,90493177.9181585,93690683.0429498,,61.63.210.175
7429,Taipeinet,Taipei,2025-08-12T15:01:02.910946Z,11.006899950030189,13.887,90063876.71820177,94385884.9836188,,61.63.210.175
7429,Taipeinet,Taipei,2025-08-12T16:01:02.403329Z,11.006899950030189,13.65,90451907.24274507,93358490.22421291,,61.63.210.175
7429,Taipeinet,Taipei,2025-08-12T17:01:02.634756Z,11.006899950030189,13.151,89019845.67259513,94914494.15452647,,61.63.210.175
38330,Taiwan Mobile,Da'an District,2025-08-12T18:01:02.155720Z,9.70768513168519,12.658,90600650.55981159,94969370.2571448,,61.63.210.175
11703,Taiwan Mobile,Taipei,2025-08-12T19:01:02.838309Z,11.006899950030189,13.655,90532926.60586768,93970775.48084442,,61.63.210.175
11703,Taiwan Mobile,Taipei,2025-08-12T20:01:02.869988Z,11.006899950030189,13.272,13481146.843820982,0.0,,61.63.210.175
13506,TAIFO Taiwan,Taipei,2025-08-12T21:01:02.388292Z,10.348015552600941,13.747,90084552.04613914,95137169.43162104,,61.63.210.175
